round,client,test_acc
0,0,0.466233
0,1,0.61981
0,2,0.750875
1,0,0.569285
1,1,0.63982
1,2,0.794897
2,0,0.677339
2,1,0.74037
2,2,0.83942
3,0,0.69985
3,1,0.745873
3,2,0.832916
4,0,0.756878
4,1,0.821911
4,2,0.837919
0,global,0.704852
1,global,0.792396
2,global,0.845923
3,global,0.870435
4,global,0.888944
